{"pitch": [-2.7442070957317246, 11.15693693509074, 165.6901007628454, 60.37813291152693], "energy": [-1.2591148614883423, 10.99685001373291, 41.67014254956833, 33.09479306846138], "mel": [-11.512925148010254, 2.3185698986053467]}